State,Labor_Force_Jan_2025,Labor_Force_Nov_2025,Labor_Force_Dec_2025,Labor_Force_Jan_2026,Unemployed_Number_Jan_2025,Unemployed_Number_Nov_2025,Unemployed_Number_Dec_2025,Unemployed_Number_Jan_2026,Unemployment_Rate_Jan_2025,Unemployment_Rate_Nov_2025,Unemployment_Rate_Dec_2025,Unemployment_Rate_Jan_2026
Alabama,2378428,2387873,2387810,2387649,72543,64802,64776,64061,3.1,2.7,2.7,2.7
Alaska,363404,367709,367671,368663,16527,17537,17531,17722,4.5,4.8,4.8,4.8
Arizona,3781221,3815687,3814917,3814207,157097,167615,167319,171391,4.2,4.4,4.4,4.5
Arkansas,1424605,1448832,1448666,1451310,54116,62349,62197,63636,3.8,4.3,4.3,4.4
California,19764218,19878800,19878043,19862185,1061763,1094082,1093176,1082348,5.4,5.5,5.5,5.4
Colorado,3273054,3254030,3254073,3248844,141216,124951,125077,126262,4.3,3.8,3.8,3.9
Connecticut,1943229,1933758,1933851,1931321,69987,83534,83387,86980,3.6,4.3,4.3,4.5
Delaware,513593,517116,517069,516215,21280,27606,27510,27923,4.1,5.3,5.3,5.4
District of Columbia,415267,408918,409140,407967,23759,27600,27529,27189,5.7,6.7,6.7,6.7
Florida,11122059,11116493,11117284,11124027,392967,480808,479324,499181,3.5,4.3,4.3,4.5
Georgia,5413520,5442066,5441402,5445612,184452,190562,190351,192734,3.4,3.5,3.5,3.5
Hawaii,687691,688042,688037,688015,17745,15030,15131,15286,2.6,2.2,2.2,2.2
Idaho,1005274,1010002,1009937,1009832,36807,36730,36696,37095,3.7,3.6,3.6,3.7
Illinois,6642057,6557672,6559867,6560588,314524,307543,307963,318724,4.7,4.7,4.7,4.9
Indiana,3505623,3506474,3506135,3503632,136010,123792,123564,118385,3.9,3.5,3.5,3.4
Iowa,1728750,1743419,1743797,1743781,61010,59801,59904,59121,3.5,3.4,3.4,3.4
Kansas,1562875,1581114,1580822,1579476,59063,60010,60005,61362,3.8,3.8,3.8,3.9
Kentucky,2110828,2120091,2119991,2114515,101972,92636,92583,90226,4.8,4.4,4.4,4.3
Louisiana,2085865,2108081,2108050,2112810,89992,89510,89565,90316,4.3,4.2,4.2,4.3
Maine,708929,710100,710128,709079,23484,23515,23496,23406,3.3,3.3,3.3,3.3
Maryland,3240310,3222693,3221708,3214709,113179,137602,136456,137033,3.5,4.3,4.2,4.3
Massachusetts,3949077,3935591,3935586,3926654,166500,184213,183984,186218,4.2,4.7,4.7,4.7
Michigan,5074356,4998918,4999837,4993041,270378,248325,248858,251726,5.3,5.0,5.0,5.0
Minnesota,3161050,3182913,3182266,3177704,106931,134361,134096,138915,3.4,4.2,4.2,4.4
Mississippi,1296727,1296031,1295784,1293485,50468,47332,47343,46844,3.9,3.7,3.7,3.6
Missouri,3157040,3175775,3175358,3177925,123711,123169,123144,123276,3.9,3.9,3.9,3.9
Montana,575806,579266,579238,579404,16945,20638,20574,21129,2.9,3.6,3.6,3.6
Nebraska,1090809,1104807,1104681,1104502,31440,33174,33185,33531,2.9,3.0,3.0,3.0
Nevada,1655393,1687305,1687017,1694147,89255,88351,88281,89283,5.4,5.2,5.2,5.3
New Hampshire,774179,776708,776712,777427,23600,24852,24856,25191,3.0,3.2,3.2,3.2
New Jersey,4896874,4919896,4919038,4918065,241632,264786,263630,254656,4.9,5.4,5.4,5.2
New Mexico,987201,985100,985342,985171,40953,42622,42624,44319,4.1,4.3,4.3,4.5
New York,9958025,10081101,10080281,10104683,405642,466985,464828,465373,4.1,4.6,4.6,4.6
North Carolina,5290467,5317047,5316660,5313262,200605,203654,203385,203481,3.8,3.8,3.8,3.8
North Dakota,428148,433994,433968,434874,10990,11197,11193,11266,2.6,2.6,2.6,2.6
Ohio,5970790,5936926,5937500,5932491,289136,257719,258432,254773,4.8,4.3,4.4,4.3
Oklahoma,2009517,2020442,2020051,2018659,61740,75647,75403,77982,3.1,3.7,3.7,3.9
Oregon,2206067,2221743,2221552,2218013,105475,116980,116823,116183,4.8,5.3,5.3,5.2
Pennsylvania,6527997,6571286,6570655,6582805,267176,287588,286684,282001,4.1,4.4,4.4,4.3
Rhode Island,594600,591783,591788,590994,26687,26217,26264,26828,4.5,4.4,4.4,4.5
South Carolina,2583848,2635089,2634542,2646507,106902,126024,125717,130280,4.1,4.8,4.8,4.9
South Dakota,489306,494081,493994,493454,9618,10734,10720,10967,2.0,2.2,2.2,2.2
Tennessee,3504751,3546463,3545878,3541848,123744,125944,125942,125642,3.5,3.6,3.6,3.5
Texas,15803242,15962121,15958627,15955241,648832,685618,684133,688116,4.1,4.3,4.3,4.3
Utah,1835953,1845293,1845208,1844151,61352,68248,68140,69236,3.3,3.7,3.7,3.8
Vermont,352477,346688,346776,345447,9029,9219,9219,9251,2.6,2.7,2.7,2.7
Virginia,4548415,4518582,4519825,4518468,145337,161009,160941,165445,3.2,3.6,3.6,3.7
Washington,4042117,4062809,4062730,4065178,176838,198199,198168,204366,4.4,4.9,4.9,5.0
West Virginia,782497,783871,783736,782661,30045,36361,36224,36293,3.8,4.6,4.6,4.6
Wisconsin,3137979,3115444,3116196,3120773,101997,99488,99593,103401,3.3,3.2,3.2,3.3
Wyoming,290644,288447,288499,288453,9440,10010,10007,10244,3.2,3.5,3.5,3.6
Puerto Rico,1232772,1232682,1232888,1233775,67040,69969,69875,69764,5.4,5.7,5.7,5.7
