,Denver,,,El Paso,,,Portland,,,Atlanta,,,Chicago,,,Virginia Beach,,,Louisville,,,San Diego,,,Sacramento,,,Dallas,,,Fort Worth,,,Bakersfield,,,"Omaha, NE",,,"Lubbock, TX",,,"Fremont, CA",,,San Antonio,,,"Irving, Texas",,,"Madison, WI",,,"Frisco, TX",,,"Lincoln, NE",,,"Wichita, KS",,,"Plano, TX",,,"Akron, OH",,,"Buffalo, NY",,,"Chula Vista, CA",,,"Reno, NV",,,"Oxnard, CA",,,San Francisco,,,"McKinney, TX",,,"Arlington, TX",,,"Garland, TX",,,"Riverside County, CA",,,"Stockton, CA",,,"Corpus Cristi, TX",,,Cincinatti,,,"Montgomery County, MD",,,"Henderson, NV",,,"San Bernardino, CA",,,"Newport News, VA",,,"Amarillo, TX",,,"New Haven, CT",,,"Washington, D.C.",,,"Boise, ID",,,"Austin, TX",,,"Chandler, AZ",,,"Modesto, CA",,,"San Jose, CA",,,"Aurora, IL",,,"Vancouver, WA",,,"Raleigh, NC",,,"St. Petersburg, FL",,,"Milwaukee, WI",,,"Los Angeles, CA",,,"Glendale, AZ",,,"Orlando, FL",,,"Eugene, OR",,,"Rochester, NY",,,"Durham, NC",,,"Norfolk, VA",,,"Pittsburgh, PA",,,"Miami, FL",,,"Spokane, WA",,,"Salt Lake City, UT",,,"Minneapolis, MN",,,"Anaheim, CA",,,"Providence, RI",,,"Syracuse, NY",,,"Peoria, AZ",,,"Houston, TX",,,"Prince George's County, MD",,
,Kia/Hyundais,All,Percent,Kia/Hyundais,All,Percent,Kia/Hyundais,All,Percent,Kia/Hyundais,All,Percent,Kia/Hyundais,All,Percent,Kia/Hyundais,All,Percent,Kia/Hyundais,All,Percent,Kia/Hyundais,All,Percent,Kia/Hyundais,All,Percent,Kia/Hyundais,All,Percent,Kia/Hyundais,All,Percent,Kia/Hyundais,All,Percent,Kia/Hyundais,All,Percent,Kia/Hyundais,All,Percent,Kia/Hyundais,All,Percent,Kia/Hyundais,All,Percent,Kia/Hyundais,All,Percent,Kia/Hyundais,All,Percent,Kia/Hyundais,All ,Percent,Kia/Hyundais,All ,Percent,Kia/Hyundais,All ,Percent,Kia/Hyundais,All ,Percent,Kia/Hyundais,All ,Percent,Kia/Hyundais,All ,Percent,Kia/Hyundais,All ,Percent,Kia/Hyundais,All ,Percent,Kia/Hyundais,All ,Percent,Kia/Hyundais,All ,Percent,Kia/Hyundais,All ,Percent,Kia/Hyundais,All ,Percent,Kia/Hyundais,All ,Percent,Kia/Hyundais,All ,Percent,Kia/Hyundais,All ,Percent,Kia/Hyundais,All ,Percent,Kia/Hyundais,All ,Percent,Kia/Hyundais,All ,Percent,Kia/Hyundais,All ,Percent,Kia/Hyundais,All ,Percent,Kia/Hyundais,All ,Percent,Kia/Hyundais,All ,Percent,Kia/Hyundais,All ,Percent,Kia/Hyundais,All ,Percent,Kia/Hyundais,All ,Percent,Kia/Hyundais,All ,Percent,Kia/Hyundais,All ,Percent,Kia/Hyundais,All ,Percent,Kia/Hyundais,All ,Percent,Kia/Hyundais,All ,Percent,Kia/Hyundais,All ,Percent,Kia/Hyundais,All ,Percent,Kia/Hyundais,All ,Percent,Kia/Hyundais,All ,Percent,Kia/Hyundais,All ,Percent,Kia/Hyundais,All ,Percent,Kia/Hyundais,All ,Percent,Kia/Hyundais,All ,Percent,Kia/Hyundais,All ,Percent,Kia/Hyundais,All ,Percent,Kia/Hyundais,All ,Percent,Kia/Hyundais,All ,Percent,Kia/Hyundais,All ,Percent,Kia/Hyundais,All ,Percent,Kia/Hyundais,All ,Percent,Kia/Hyundais,All ,Percent,Kia/Hyundais,All ,Percent,Kia/Hyundais,All ,Percent,Kia/Hyundais,All ,Percent,Kia/Hyundais,All ,Percent,Kia/Hyundais,All ,Percent,Kia/Hyundais,All ,Percent
2019-12-01,48,615,0.07804878049,13,103,0.1262135922,13,592,0.02195945946,,,,46,767,0.05997392438,,,,14,,,25,430,0.05813953488,2,,,21,,,12,352,0.03409090909,9,360,0.025,11,277,0.03971119134,6,130,0.04615384615,,39,,,,,2,58,0.03448275862,4,83,0.04819277108,,12,,,28,,3,182,0.01648351648,3,64,0.046875,9,67,0.1343283582,7,107,0.06542056075,6,77,0.07792207792,,82,,1,48,0.02083333333,11,312,0.03525641026,0,17,0,8,101,0.07920792079,3,112,0.02678571429,11,594,0.01851851852,3,119,0.02521008403,1,48,0.02083333333,,,,2,52,0.03846153846,,,,5,217,0.02304147465,2,21,0.09523809524,1,92,0.01086956522,6,106,0.05660377358,4,,,3,20,0.15,10,289,0.03460207612,2,25,0.08,5,118,0.04237288136,6,525,0.01142857143,1,12,0.08333333333,,,,5,89,0.05617977528,,66,,22,339,0.06489675516,53,1409,0.03761533002,9,134,0.0671641791,14,109,0.128440367,1,94,0.01063829787,3,64,0.046875,5,79,0.06329113924,11,,,9,34,0.2647058824,0,,,1,126,0.007936507937,6,117,0.05128205128,22,326,0.06748466258,0,18,0,1,14,0.07142857143,2,36,0.05555555556,2,27,0.07407407407,24,603,,11,210,0.05238095238
2020-01-01,21,519,0.04046242775,9,95,0.09473684211,12,559,0.02146690519,,,,36,669,0.05381165919,,,,18,301,0.05980066445,14,423,0.03309692671,9,192,0.046875,26,1060,0.02452830189,13,340,0.03823529412,13,393,0.03307888041,19,291,0.06529209622,2,101,0.0198019802,,63,,,,,3,78,0.03846153846,4,75,0.05333333333,,15,,,62,,4,167,0.02395209581,1,42,0.02380952381,1,62,0.01612903226,7,136,0.05147058824,3,82,0.03658536585,,99,,2,45,0.04444444444,10,270,0.03703703704,0,16,0,3,87,0.03448275862,0,111,0,10,583,0.01715265866,5,167,0.02994011976,2,45,0.04444444444,21,131,0.1603053435,1,49,0.02040816327,,,,14,166,0.0843373494,3,31,0.09677419355,5,90,0.05555555556,5,96,0.05208333333,5,177,0.02824858757,0,16,0,11,280,0.03928571429,3,38,0.07894736842,1,106,0.009433962264,6,420,0.01428571429,0,22,0,,,,5,90,0.05555555556,,53,,23,312,0.07371794872,42,1409,0.0328125,10,120,0.08333333333,8,104,0.07692307692,2,63,0.03174603175,8,81,0.0987654321,9,87,0.1034482759,3,,,4,37,0.1081081081,6,,,4,136,0.02941176471,4,121,0.03305785124,30,490,0.0612244898,0,18,0,3,15,0.2,5,51,0.09803921569,1,17,0.05882352941,18,586,,10,215,0.04651162791
2020-02-01,28,402,0.06965174129,5,64,0.078125,10,498,0.02008032129,,,,40,653,0.06125574273,,,,10,277,0.03610108303,16,411,0.03892944039,4,157,0.02547770701,23,874,0.02631578947,4,310,0.01290322581,12,323,0.03715170279,13,266,0.04887218045,3,100,0.03,,43,,,,,7,71,0.0985915493,1,45,0.02222222222,,8,,,51,,5,179,0.02793296089,1,25,0.04,2,42,0.04761904762,9,100,0.09,2,50,0.04,,68,,0,28,0,9,285,0.03157894737,0,15,0,6,75,0.08,0,78,0,10,610,0.01639344262,3,143,0.02097902098,0,28,0,10,114,0.08771929825,1,26,0.03846153846,,,,8,165,0.04848484848,3,30,0.1,1,75,0.01333333333,5,86,0.05813953488,10,184,0.05434782609,0,20,0,12,273,0.04395604396,4,37,0.1081081081,2,84,0.02380952381,9,477,0.01886792453,1,9,0.1111111111,,,,2,82,0.0243902439,,44,,24,290,0.08275862069,39,1280,0.02640487475,3,128,0.0234375,5,91,0.05494505495,2,62,0.03225806452,4,53,0.07547169811,3,57,0.05263157895,1,,,3,32,0.09375,5,,,0,121,0,1,116,0.008620689655,18,423,0.04255319149,0,14,0,2,18,0.1111111111,6,40,0.15,2,19,0.1052631579,15,556,,6,169,0.03550295858
2020-03-01,35,508,0.0688976378,6,75,0.08,4,465,0.008602150538,,,,38,628,0.06050955414,,,,14,296,0.0472972973,29,412,0.07038834951,4,197,0.02030456853,22,842,0.02612826603,15,292,0.05136986301,9,302,0.0298013245,17,261,0.06513409962,7,109,0.06422018349,,59,,,,,4,75,0.05333333333,2,53,0.03773584906,,11,,,46,,11,187,0.05882352941,1,34,0.02941176471,2,52,0.03846153846,2,80,0.025,2,83,0.02409638554,1,67,0.01492537313,2,54,0.03703703704,14,279,0.05017921147,3,18,0.1666666667,1,73,0.01369863014,1,78,0.01282051282,9,559,0.01610017889,6,127,0.04724409449,2,54,0.03703703704,16,139,0.1151079137,5,71,0.07042253521,,,,11,176,0.0625,5,23,0.2173913043,1,90,0.01111111111,5,89,0.05617977528,8,182,0.04395604396,1,20,0.05,8,346,0.02312138728,3,33,0.09090909091,3,146,0.02054794521,6,457,0.01312910284,0,18,0,,,,3,86,0.03488372093,,46,,27,267,0.1011235955,50,1477,0.02721829069,13,115,0.1130434783,14,126,0.1111111111,2,63,0.03174603175,4,64,0.0625,9,69,0.1304347826,5,,,2,28,0.07142857143,4,,,0,92,0,3,125,0.024,19,369,0.05149051491,0,15,0,2,16,0.125,1,28,0.03571428571,2,17,0.1176470588,26,524,,7,167,0.04191616766
2020-04-01,39,616,0.06331168831,1,57,0.01754385965,7,488,0.0143442623,,,,40,659,0.06069802731,,,,20,352,0.05681818182,14,388,0.03608247423,3,200,0.015,19,772,0.02461139896,18,351,0.05128205128,6,323,0.01857585139,11,249,0.04417670683,3,119,0.02521008403,,79,,,,,7,70,0.1,0,38,0,,6,,,55,,0,149,0,0,34,0,7,82,0.08536585366,3,78,0.03846153846,2,58,0.03448275862,1,48,0.02083333333,1,100,0.01,6,303,0.0198019802,4,17,0.2352941176,3,76,0.03947368421,1,87,0.01149425287,7,609,0.01149425287,6,134,0.0447761194,1,100,0.01,12,104,0.1153846154,1,54,0.01851851852,,,,6,200,0.03,3,26,0.1153846154,2,67,0.02985074627,4,56,0.07142857143,9,190,0.04736842105,0,18,0,13,340,0.03823529412,1,33,0.0303030303,3,109,0.02752293578,11,548,0.0200729927,0,6,0,,,,2,66,0.0303030303,,50,,17,237,0.07172995781,51,1837,0.0275974026,6,104,0.05769230769,7,113,0.06194690265,0,69,0,7,58,0.1206896552,4,69,0.05797101449,3,,,5,27,0.1851851852,5,,,1,102,0.009803921569,6,122,0.04918032787,19,314,0.06050955414,0,10,0,3,12,0.25,1,28,0.03571428571,3,13,0.2307692308,21,541,,7,163,0.04294478528
2020-05-01,37,692,0.05346820809,1,62,0.01612903226,7,387,0.0180878553,,,,70,829,0.08443908323,,,,11,324,0.03395061728,13,413,0.03147699758,5,233,0.02145922747,24,760,0.03157894737,12,350,0.03428571429,9,377,0.02387267905,14,219,0.06392694064,3,123,0.0243902439,,95,,,,,1,56,0.01785714286,1,42,0.02380952381,,5,,,33,,4,154,0.02597402597,0,29,0,3,83,0.03614457831,3,95,0.03157894737,2,76,0.02631578947,2,77,0.02597402597,1,103,0.009708737864,14,329,0.04255319149,1,14,0.07142857143,4,91,0.04395604396,2,78,0.02564102564,13,619,0.02100161551,3,131,0.02290076336,1,103,0.009708737864,9,120,0.075,1,44,0.02272727273,,,,7,181,0.03867403315,1,25,0.04,4,89,0.04494382022,3,65,0.04615384615,7,238,0.02941176471,2,24,0.08333333333,6,322,0.01863354037,2,38,0.05263157895,1,99,0.0101010101,4,619,0.006462035541,1,14,0.07142857143,,,,1,73,0.01369863014,,48,,12,230,0.05217391304,61,1848,0.02918660287,4,103,0.03883495146,6,103,0.05825242718,0,54,0,8,57,0.1403508772,10,66,0.1515151515,3,,,2,22,0.09090909091,3,,,1,81,0.01234567901,3,129,0.02325581395,23,300,0.07666666667,0,17,0,2,6,0.3333333333,2,33,0.06060606061,0,9,0,27,633,,6,173,0.03468208092
2020-06-01,57,747,0.07630522088,8,77,0.1038961039,11,423,0.02600472813,,,,57,794,0.0717884131,,,,23,423,0.05437352246,35,456,0.07675438596,4,241,0.01659751037,25,928,0.02693965517,15,351,0.04273504274,7,356,0.01966292135,13,294,0.04421768707,3,111,0.02702702703,,96,,,,,3,53,0.05660377358,0,57,0,,15,,,58,,2,204,0.009803921569,1,34,0.02941176471,4,98,0.04081632653,14,120,0.1166666667,3,90,0.03333333333,2,82,0.0243902439,1,112,0.008928571429,6,362,0.01657458564,1,8,0.125,3,87,0.03448275862,0,94,0,8,621,0.01288244767,6,142,0.04225352113,1,112,0.008928571429,17,145,0.1172413793,1,64,0.015625,,,,3,202,0.01485148515,1,40,0.025,2,98,0.02040816327,3,66,0.04545454545,12,280,0.04285714286,0,23,0,13,332,0.03915662651,2,31,0.06451612903,1,89,0.01123595506,14,789,0.01774397972,1,18,0.05555555556,,,,4,87,0.04597701149,,59,,16,281,0.05693950178,54,2090,0.02714932127,11,101,0.1089108911,2,110,0.01818181818,1,78,0.01282051282,11,84,0.130952381,9,76,0.1184210526,1,,,9,47,0.1914893617,3,,,1,95,0.01052631579,2,152,0.01315789474,26,403,0.06451612903,0,14,0,2,17,0.1176470588,7,54,0.1296296296,0,13,0,27,700,,12,215,0.05581395349
2020-07-01,57,786,0.07251908397,5,62,0.08064516129,11,528,0.02083333333,,,,60,959,0.06256517205,,,,20,515,0.03883495146,23,399,0.05764411028,3,232,0.01293103448,19,923,0.02058504875,17,374,0.04545454545,14,276,0.05072463768,23,300,0.07666666667,4,109,0.03669724771,,93,,,,,3,81,0.03703703704,5,93,0.05376344086,,9,,,50,,5,198,0.02525252525,0,35,0,5,96,0.05208333333,9,155,0.05806451613,4,72,0.05555555556,1,77,0.01298701299,0,89,0,6,403,0.01488833747,6,20,0.3,2,84,0.02380952381,1,114,0.008771929825,12,546,0.02197802198,3,111,0.02702702703,0,89,0,17,157,0.1082802548,2,77,0.02597402597,,,,9,170,0.05294117647,1,20,0.05,5,108,0.0462962963,5,68,0.07352941176,19,326,0.05828220859,0,27,0,15,368,0.04076086957,1,25,0.04,3,88,0.03409090909,14,901,0.01553829079,2,17,0.1176470588,,,,2,97,0.0206185567,,74,,24,427,0.05620608899,83,1989,0.0451577802,6,65,0.09230769231,12,114,0.1052631579,1,60,0.01666666667,11,104,0.1057692308,6,100,0.06,3,,,3,40,0.075,8,,,2,105,0.01904761905,5,162,0.03086419753,26,448,0.05803571429,1,13,0.07692307692,0,12,0,5,72,0.06944444444,2,16,0.125,35,692,,17,210,0.08095238095
2020-08-01,85,840,0.1011904762,4,83,0.04819277108,8,629,0.01271860095,,,,55,996,0.05522088353,,,,18,437,0.04118993135,16,376,0.04255319149,5,193,0.02590673575,28,934,0.02997858672,18,425,0.04235294118,5,320,0.015625,16,363,0.04407713499,7,114,0.06140350877,,94,,,,,2,90,0.02222222222,7,67,0.1044776119,,7,,,42,,15,189,0.07936507937,2,41,0.0487804878,9,118,0.07627118644,14,157,0.08917197452,4,83,0.04819277108,4,92,0.04347826087,0,44,0,15,358,0.04189944134,0,11,0,3,84,0.03571428571,3,94,0.03191489362,17,485,0.03505154639,1,78,0.01282051282,0,44,0,12,149,0.08053691275,6,74,0.08108108108,,,,4,134,0.02985074627,2,32,0.0625,4,117,0.03418803419,7,78,0.08974358974,10,350,0.02857142857,2,25,0.08,15,375,0.04,5,33,0.1515151515,2,71,0.02816901408,10,636,0.01572327044,0,20,0,,,,4,82,0.0487804878,,74,,20,419,0.0477326969,130,1838,0.08024691358,6,86,0.06976744186,2,101,0.0198019802,2,63,0.03174603175,8,93,0.08602150538,7,76,0.09210526316,4,,,5,35,0.1428571429,0,,,2,89,0.02247191011,7,207,0.03381642512,21,470,0.04468085106,0,6,0,3,15,0.2,9,74,0.1216216216,0,16,0,40,687,,10,213,0.04694835681
2020-09-01,107,916,0.1168122271,2,73,0.02739726027,11,657,0.01674277017,,,,39,921,0.04234527687,,,,17,375,0.04533333333,27,389,0.06940874036,4,183,0.0218579235,32,913,0.03504928806,9,313,0.02875399361,11,302,0.03642384106,19,360,0.05277777778,5,123,0.0406504065,,85,,,,,5,93,0.05376344086,8,73,0.1095890411,,7,,,44,,10,235,0.04255319149,0,45,0,8,100,0.08,4,148,0.02702702703,4,73,0.05479452055,4,95,0.04210526316,0,43,0,9,292,0.03082191781,2,15,0.1333333333,4,92,0.04347826087,1,76,0.01315789474,11,406,0.02709359606,1,98,0.01020408163,0,43,0,20,162,0.1234567901,3,77,0.03896103896,,,,5,139,0.03597122302,1,24,0.04166666667,2,94,0.02127659574,3,80,0.0375,15,360,0.04166666667,1,33,0.0303030303,14,349,0.04011461318,4,34,0.1176470588,4,71,0.05633802817,7,657,0.01065449011,0,15,0,,,,1,92,0.01086956522,,44,,39,363,0.1074380165,124,1620,0.06820682068,5,93,0.05376344086,6,88,0.06818181818,2,71,0.02816901408,8,78,0.1025641026,5,73,0.06849315068,0,,,7,48,0.1458333333,2,,,1,88,0.01136363636,6,215,0.02790697674,15,406,0.03694581281,0,9,0,3,25,0.12,1,40,0.025,0,17,0,23,650,,12,188,0.06382978723
2020-10-01,112,942,0.118895966,3,84,0.03571428571,13,616,0.0211038961,,,,44,1000,0.044,,,,23,431,0.05336426914,31,446,0.06950672646,4,208,0.01923076923,20,940,0.02127659574,12,389,0.03084832905,5,335,0.01492537313,27,438,0.06164383562,4,116,0.03448275862,,96,,,,,2,79,0.0253164557,3,73,0.04109589041,,11,,,45,,4,232,0.01724137931,1,27,0.03703703704,4,98,0.04081632653,9,201,0.0447761194,4,82,0.0487804878,4,102,0.03921568627,0,57,0,9,361,0.02493074792,1,18,0.05555555556,1,83,0.01204819277,5,77,0.06493506494,10,500,0.02,3,93,0.03225806452,0,57,0,19,171,0.1111111111,1,67,0.01492537313,,,,8,143,0.05594405594,4,35,0.1142857143,0,100,0,3,75,0.04,19,339,0.05604719764,1,29,0.03448275862,16,368,0.04347826087,2,18,0.1111111111,3,66,0.04545454545,7,677,0.01033973412,1,21,0.04761904762,,,,3,92,0.03260869565,,56,,76,441,0.1723356009,137,1818,0.0779294653,4,100,0.04,3,96,0.03125,1,68,0.01470588235,5,83,0.06024096386,8,63,0.126984127,0,,,1,38,0.02631578947,5,,,2,76,0.02631578947,7,198,0.03535353535,18,451,0.0399113082,1,3,0.3333333333,0,12,0,5,59,0.08474576271,0,16,0,29,709,,11,243,0.04526748971
2020-11-01,155,948,0.1635021097,2,72,0.02777777778,17,633,0.02685624013,,,,52,939,0.05537806177,,,,11,410,0.02682926829,17,439,0.03872437358,10,212,0.04716981132,26,872,0.02981651376,10,379,0.02638522427,16,415,0.03855421687,13,321,0.04049844237,8,144,0.05555555556,,94,,,,,3,57,0.05263157895,1,39,0.02564102564,,8,,,47,,11,226,0.04867256637,1,53,0.01886792453,6,108,0.05555555556,16,173,0.09248554913,3,96,0.03125,3,83,0.03614457831,3,51,0.05882352941,9,359,0.02506963788,0,10,0,7,87,0.08045977011,1,86,0.01162790698,19,648,0.02932098765,3,118,0.02542372881,3,51,0.05882352941,16,156,0.1025641026,1,74,0.01351351351,,,,5,184,0.02717391304,1,28,0.03571428571,1,113,0.008849557522,7,105,0.06666666667,19,314,0.06050955414,2,25,0.08,17,385,0.04415584416,1,31,0.03225806452,3,117,0.02564102564,11,699,0.01573676681,1,18,0.05555555556,4,106,0.03773584906,4,89,0.04494382022,,49,,206,505,0.4079207921,187,1758,0.1036585366,8,134,0.05970149254,6,103,0.05825242718,1,65,0.01538461538,14,106,0.1320754717,9,75,0.12,1,,,2,25,0.08,9,,,0,107,0,6,237,0.0253164557,27,458,0.05895196507,0,1,0,3,17,0.1764705882,4,45,0.08888888889,0,26,0,25,555,,14,225,0.06222222222
2020-12-01,163,1014,0.1607495069,6,111,0.05405405405,14,570,0.02456140351,,,,61,912,0.06688596491,,,,33,443,0.07449209932,26,493,0.05273833671,2,260,0.007692307692,28,920,0.03043478261,11,423,0.02600472813,11,474,0.02320675105,16,324,0.04938271605,9,121,0.07438016529,,79,,,,,5,81,0.06172839506,3,61,0.04918032787,,8,,,60,,11,268,0.04104477612,1,42,0.02380952381,5,90,0.05555555556,13,178,0.07303370787,2,86,0.02325581395,3,86,0.03488372093,0,52,0,9,380,0.02368421053,2,10,0.2,5,90,0.05555555556,3,95,0.03157894737,17,623,0.02728731942,4,108,0.03703703704,0,52,0,15,158,0.09493670886,4,67,0.05970149254,,,,4,177,0.02259887006,2,24,0.08333333333,0,108,0,8,124,0.06451612903,23,319,0.07210031348,0,15,0,11,346,0.03179190751,1,31,0.03225806452,3,82,0.03658536585,7,745,0.009395973154,1,19,0.05263157895,4,134,0.02985074627,1,78,0.01282051282,,42,,396,704,0.5625,111,1804,0.05932656334,9,125,0.072,4,68,0.05882352941,2,60,0.03333333333,11,126,0.0873015873,9,67,0.1343283582,3,,,6,37,0.1621621622,3,,,0,61,0,10,243,0.04115226337,29,443,0.06546275395,0,0,,2,26,0.07692307692,6,35,0.1714285714,2,29,0.06896551724,27,623,,4,225,0.01777777778
2021-01-01,209,1039,0.2011549567,5,111,0.04504504505,27,555,0.04864864865,30,364,0.08241758242,56,802,0.06982543641,2,,,35,459,0.07625272331,14,514,0.02723735409,5,304,0.01644736842,23,813,0.0282902829,11,332,0.03313253012,12,405,0.02962962963,21,275,0.07636363636,5,96,0.05208333333,,76,,34,399,,0,70,0,3,65,0.04615384615,,13,,,30,,11,269,0.04089219331,1,37,0.02702702703,3,76,0.03947368421,22,234,0.09401709402,1,106,0.009433962264,0,114,0,0,59,0,14,363,0.03856749311,0,17,0,4,108,0.03703703704,3,89,0.03370786517,19,673,0.02823179792,3,120,0.025,0,59,0,21,165,0.1272727273,6,69,0.08695652174,1,72,0.01388888889,7,217,0.03225806452,2,29,0.06896551724,6,118,0.05084745763,7,98,0.07142857143,18,305,0.05901639344,1,27,0.03703703704,9,318,0.02830188679,6,34,0.1764705882,4,112,0.03571428571,15,749,0.02002670227,0,14,0,5,120,0.04166666667,4,91,0.04395604396,,54,,500,789,0.6337135615,128,1871,0.06983087834,6,148,0.04054054054,12,90,0.1333333333,0,56,0,8,88,0.09090909091,11,64,0.171875,9,,,6,53,0.1132075472,10,,,0,89,0,9,236,0.03813559322,28,520,0.05384615385,0,2,0,3,29,0.1034482759,8,38,0.2105263158,0,23,0,39,711,,11,191,0.05759162304
2021-02-01,158,927,0.1704422869,5,90,0.05555555556,8,486,0.01646090535,16,281,0.05693950178,40,630,0.06349206349,2,,,15,348,0.04310344828,16,483,0.033126294,4,234,0.01709401709,33,767,0.04302477184,14,314,0.04458598726,8,369,0.0216802168,21,305,0.06885245902,5,89,0.05617977528,,65,,22,393,,6,73,0.08219178082,7,80,0.0875,,7,,,46,,9,246,0.03658536585,3,37,0.08108108108,2,84,0.02380952381,13,205,0.06341463415,5,86,0.05813953488,2,89,0.02247191011,0,44,0,12,303,0.0396039604,0,3,0,3,83,0.03614457831,0,67,0,14,570,0.02456140351,1,87,0.01149425287,0,44,0,19,127,0.1496062992,6,61,0.09836065574,1,67,0.01492537313,5,209,0.02392344498,4,36,0.1111111111,5,82,0.06097560976,12,67,0.1791044776,11,206,0.05339805825,1,21,0.04761904762,17,278,0.06115107914,2,34,0.05882352941,3,88,0.03409090909,9,578,0.01557093426,3,12,0.25,6,108,0.05555555556,2,88,0.02272727273,,64,,344,626,0.5495207668,140,1833,0.0773480663,6,110,0.05454545455,6,79,0.07594936709,2,59,0.03389830508,12,93,0.1290322581,2,56,0.03571428571,4,,,2,24,0.08333333333,3,,,0,73,0,6,171,0.0350877193,36,496,0.07258064516,1,8,0.125,4,20,0.2,7,33,0.2121212121,2,22,0.09090909091,23,575,,11,172,0.06395348837
2021-03-01,166,948,0.1751054852,9,81,0.1111111111,21,616,0.03409090909,24,220,0.1090909091,54,788,0.06852791878,5,,,19,335,0.05671641791,8,479,0.01670146138,5,241,0.02074688797,41,823,0.04981773998,11,337,0.03264094955,5,399,0.01253132832,12,263,0.04562737643,8,114,0.0701754386,,87,,27,434,,5,56,0.08928571429,4,54,0.07407407407,,3,,,71,,11,224,0.04910714286,0,31,0,3,78,0.03846153846,11,181,0.06077348066,5,103,0.04854368932,5,104,0.04807692308,0,25,0,13,319,0.0407523511,2,12,0.1666666667,4,114,0.0350877193,4,67,0.05970149254,6,553,0.01084990958,4,106,0.03773584906,0,25,0,15,166,0.09036144578,1,71,0.01408450704,2,65,0.03076923077,1,194,0.005154639175,1,24,0.04166666667,2,70,0.02857142857,5,96,0.05208333333,9,206,0.04368932039,0,17,0,23,354,0.06497175141,2,26,0.07692307692,2,99,0.0202020202,6,523,0.01147227533,3,11,0.2727272727,2,131,0.01526717557,3,69,0.04347826087,,55,,482,718,0.6713091922,165,1810,0.09131156613,5,132,0.03787878788,9,85,0.1058823529,0,68,0,12,85,0.1411764706,2,40,0.05,6,,,2,35,0.05714285714,2,,,0,62,0,5,159,0.03144654088,14,320,0.04375,0,12,0,1,18,0.05555555556,6,46,0.1304347826,1,24,0.04166666667,23,579,,10,174,0.05747126437
2021-04-01,215,979,0.2196118488,7,87,0.08045977011,11,508,0.02165354331,17,206,0.08252427184,50,713,0.07012622721,5,,,19,298,0.06375838926,20,506,0.0395256917,7,230,0.03043478261,22,835,0.02634730539,14,303,0.04620462046,9,316,0.02848101266,11,258,0.04263565891,3,88,0.03409090909,,63,,29,455,,4,65,0.06153846154,2,47,0.04255319149,,6,,,47,,4,221,0.01809954751,2,34,0.05882352941,7,76,0.09210526316,7,185,0.03783783784,5,100,0.05,5,108,0.0462962963,2,36,0.05555555556,5,304,0.01644736842,0,18,0,6,82,0.07317073171,0,83,0,9,452,0.01991150442,3,95,0.03157894737,2,36,0.05555555556,9,132,0.06818181818,2,78,0.02564102564,4,65,0.06153846154,5,161,0.03105590062,0,26,0,1,65,0.01538461538,10,74,0.1351351351,11,234,0.04700854701,0,15,0,17,287,0.05923344948,4,29,0.1379310345,1,70,0.01428571429,13,516,0.02519379845,2,20,0.1,1,135,0.007407407407,4,64,0.0625,,45,,584,809,0.7218788628,250,1807,0.1364628821,7,107,0.06542056075,6,70,0.08571428571,1,55,0.01818181818,13,90,0.1444444444,1,40,0.025,4,,,3,33,0.09090909091,5,,,5,78,0.0641025641,8,149,0.05369127517,16,313,0.05111821086,0,14,0,1,12,0.08333333333,5,38,0.1315789474,0,12,0,37,716,,17,227,0.07488986784
2021-05-01,242,1068,0.2265917603,5,66,0.07575757576,5,590,0.008474576271,19,278,0.06834532374,37,747,0.04953145917,3,,,20,399,0.05012531328,15,552,0.02717391304,6,230,0.02608695652,25,969,0.0257997936,27,366,0.0737704918,13,326,0.03987730061,16,293,0.05460750853,3,97,0.03092783505,,78,,25,496,,3,77,0.03896103896,3,55,0.05454545455,,15,,,75,,3,203,0.01477832512,2,44,0.04545454545,2,26,0.07692307692,13,122,0.106557377,2,85,0.02352941176,2,96,0.02083333333,1,48,0.02083333333,11,338,0.0325443787,0,15,0,2,96,0.02083333333,0,83,0,11,516,0.02131782946,5,125,0.04,1,48,0.02083333333,14,143,0.0979020979,2,88,0.02272727273,3,63,0.04761904762,10,200,0.05,3,33,0.09090909091,3,88,0.03409090909,7,84,0.08333333333,16,345,0.04637681159,0,21,0,17,396,0.04292929293,4,34,0.1176470588,2,75,0.02666666667,11,506,0.02173913043,3,17,0.1764705882,3,149,0.02013422819,1,92,0.01086956522,,66,,587,873,0.6723940435,254,1832,0.1411111111,9,128,0.0703125,5,112,0.04464285714,0,76,0,8,87,0.09195402299,2,47,0.04255319149,7,,,6,39,0.1538461538,1,,,2,102,0.01960784314,8,179,0.04469273743,26,428,0.06074766355,1,15,0.06666666667,2,21,0.09523809524,5,50,0.1,1,22,0.04545454545,31,734,,9,268,0.03358208955
2021-06-01,202,1058,0.190926276,3,65,0.04615384615,17,651,0.02611367127,14,199,0.07035175879,47,834,0.05635491607,8,,,16,380,0.04210526316,16,501,0.03193612774,4,281,0.01423487544,24,1038,0.02312138728,17,408,0.04166666667,11,332,0.03313253012,14,324,0.04320987654,2,99,0.0202020202,,77,,36,454,,2,74,0.02702702703,3,75,0.04,,9,,,81,,5,238,0.02100840336,0,43,0,9,54,0.1666666667,3,116,0.02586206897,2,79,0.0253164557,1,143,0.006993006993,1,31,0.03225806452,9,311,0.02893890675,0,18,0,3,96,0.03125,3,71,0.04225352113,15,503,0.02982107356,4,155,0.02580645161,1,31,0.03225806452,9,131,0.06870229008,4,60,0.06666666667,1,51,0.01960784314,6,167,0.03592814371,1,24,0.04166666667,0,106,0,3,84,0.03571428571,13,303,0.04290429043,1,23,0.04347826087,15,386,0.03886010363,2,21,0.09523809524,2,76,0.02631578947,10,545,0.01834862385,0,11,0,5,116,0.04310344828,6,127,0.04724409449,,64,,627,906,0.6920529801,240,1800,0.1300813008,4,133,0.03007518797,9,93,0.09677419355,1,64,0.015625,8,74,0.1081081081,2,60,0.03333333333,4,,,6,37,0.1621621622,3,,,0,58,0,3,161,0.01863354037,25,458,0.05458515284,0,14,0,2,18,0.1111111111,6,44,0.1363636364,2,28,0.07142857143,35,696,,24,257,0.09338521401
2021-07-01,174,1063,0.1636876764,5,102,0.04901960784,18,741,0.02429149798,16,259,0.06177606178,53,838,0.06324582339,10,,,22,358,0.06145251397,23,489,0.04703476483,3,230,0.01304347826,47,1126,0.04174067496,11,425,0.02588235294,12,296,0.04054054054,21,338,0.06213017751,6,114,0.05263157895,,107,,39,560,,5,82,0.06097560976,5,80,0.0625,,22,,,65,,6,243,0.02469135802,1,50,0.02,2,105,0.01904761905,9,135,0.06666666667,7,84,0.08333333333,5,124,0.04032258065,1,22,0.04545454545,8,331,0.02416918429,0,11,0,7,97,0.07216494845,1,87,0.01149425287,6,488,0.01229508197,1,114,0.008771929825,1,22,0.04545454545,10,134,0.07462686567,8,78,0.1025641026,2,45,0.04444444444,10,168,0.05952380952,3,27,0.1111111111,4,98,0.04081632653,3,93,0.03225806452,13,315,0.04126984127,0,21,0,18,407,0.04422604423,0,21,0,4,82,0.0487804878,6,541,0.01109057301,0,10,0,4,134,0.02985074627,6,97,0.0618556701,,45,,736,1043,0.7056567593,297,1845,0.1522296258,9,133,0.06766917293,2,81,0.02469135802,1,72,0.01388888889,10,105,0.09523809524,1,59,0.01694915254,12,,,3,41,0.07317073171,3,,,5,106,0.04716981132,1,159,0.006289308176,17,435,0.03908045977,1,21,0.04761904762,3,27,0.1111111111,5,53,0.09433962264,1,26,0.03846153846,33,653,,16,233,0.0686695279
2021-08-01,214,1129,0.1895482728,8,87,0.09195402299,20,804,0.02487562189,23,256,0.08984375,55,910,0.06043956044,6,,,22,348,0.0632183908,30,477,0.06289308176,2,257,0.007782101167,33,1135,0.02907488987,20,417,0.0479616307,10,300,0.03333333333,14,337,0.04154302671,8,130,0.06153846154,,98,,27,573,,4,79,0.05063291139,2,82,0.0243902439,,16,,,45,,6,233,0.02575107296,0,31,0,4,132,0.0303030303,6,131,0.04580152672,7,67,0.1044776119,2,122,0.01639344262,0,32,0,13,368,0.03532608696,0,12,0,6,108,0.05555555556,3,70,0.04285714286,11,437,0.02517162471,3,127,0.02362204724,0,32,0,14,118,0.1186440678,3,100,0.03,2,69,0.02898550725,13,183,0.07103825137,2,34,0.05882352941,2,77,0.02597402597,8,120,0.06666666667,14,313,0.0447284345,1,11,0.09090909091,22,444,0.04954954955,2,35,0.05714285714,2,85,0.02352941176,10,537,0.01862197393,3,17,0.1764705882,6,191,0.03141361257,4,96,0.04166666667,,57,,824,1136,0.7253521127,344,1951,0.167804878,6,137,0.04379562044,7,113,0.06194690265,2,79,0.0253164557,13,84,0.1547619048,7,60,0.1166666667,0,,,3,42,0.07142857143,1,,,2,133,0.01503759398,4,145,0.0275862069,14,433,0.03233256351,0,17,0,1,21,0.04761904762,6,53,0.1132075472,0,25,0,45,711,,9,267,0.03370786517
2021-09-01,195,1045,0.1866028708,8,89,0.08988764045,14,897,0.01560758082,18,271,0.06642066421,69,1016,0.06791338583,3,,,17,327,0.05198776758,17,539,0.03153988868,6,251,0.02390438247,35,1096,0.03193430657,14,363,0.03856749311,5,328,0.01524390244,22,333,0.06606606607,1,85,0.01176470588,,94,,50,539,,5,78,0.0641025641,2,63,0.03174603175,,11,,,53,,4,190,0.02105263158,3,50,0.06,4,135,0.02962962963,4,97,0.0412371134,5,99,0.05050505051,2,126,0.01587301587,1,22,0.04545454545,7,297,0.02356902357,0,17,0,4,91,0.04395604396,1,64,0.015625,10,490,0.02040816327,1,97,0.01030927835,1,22,0.04545454545,7,142,0.04929577465,3,68,0.04411764706,2,82,0.0243902439,10,156,0.0641025641,1,30,0.03333333333,2,72,0.02777777778,5,83,0.06024096386,23,309,0.07443365696,2,12,0.1666666667,22,420,0.05238095238,0,27,0,3,79,0.03797468354,7,558,0.01254480287,1,12,0.08333333333,4,156,0.02564102564,5,103,0.04854368932,,64,,592,904,0.6548672566,260,2050,0.1115879828,7,135,0.05185185185,8,97,0.0824742268,2,97,0.0206185567,4,90,0.04444444444,6,48,0.125,10,,,6,52,0.1153846154,0,,,0,140,0,2,163,0.01226993865,20,505,0.0396039604,1,17,0.05882352941,2,16,0.125,8,81,0.0987654321,2,24,0.08333333333,23,660,,23,275,0.08363636364
2021-10-01,159,961,0.1654526535,4,82,0.0487804878,27,1037,0.02603664417,16,234,0.06837606838,68,1163,0.05846947549,1,,,20,329,0.06079027356,36,665,0.05413533835,4,309,0.01294498382,61,1117,0.05461056401,13,400,0.0325,14,336,0.04166666667,23,381,0.06036745407,3,100,0.03,,102,,59,570,,1,71,0.01408450704,4,67,0.05970149254,,12,,,52,,7,244,0.02868852459,1,42,0.02380952381,7,156,0.04487179487,4,128,0.03125,6,76,0.07894736842,2,133,0.01503759398,1,51,0.01960784314,13,409,0.03178484108,3,15,0.2,9,102,0.08823529412,5,74,0.06756756757,16,580,0.0275862069,2,124,0.01612903226,1,51,0.01960784314,9,137,0.06569343066,1,84,0.0119047619,1,57,0.01754385965,4,179,0.02234636872,1,41,0.0243902439,3,85,0.03529411765,10,80,0.125,27,359,0.07520891365,1,9,0.1111111111,15,435,0.03448275862,1,42,0.02380952381,6,68,0.08823529412,2,580,0.003448275862,0,14,0,8,196,0.04081632653,2,110,0.01818181818,,69,,554,870,0.6367816092,338,2330,0.15129812,8,170,0.04705882353,5,107,0.04672897196,5,78,0.0641025641,9,98,0.09183673469,3,67,0.0447761194,4,,,4,43,0.09302325581,5,,,4,120,0.03333333333,2,135,0.01481481481,23,535,0.04299065421,6,179,0.03351955307,0,16,0,4,66,0.06060606061,1,26,0.03846153846,29,625,,19,264,0.07196969697
2021-11-01,231,1056,0.21875,5,86,0.05813953488,27,1140,0.02368421053,12,252,0.04761904762,65,1065,0.06103286385,10,,,24,377,0.06366047745,20,516,0.03875968992,7,281,0.02491103203,33,1076,0.03066914498,23,375,0.06133333333,14,326,0.04294478528,10,261,0.03831417625,4,133,0.03007518797,,92,,33,509,,3,64,0.046875,3,70,0.04285714286,,14,,,75,,5,209,0.02392344498,0,45,0,8,149,0.05369127517,9,135,0.06666666667,3,79,0.03797468354,4,137,0.02919708029,5,44,0.1136363636,12,368,0.03260869565,0,16,0,6,118,0.05084745763,4,90,0.04444444444,14,544,0.02573529412,3,129,0.02325581395,5,44,0.1136363636,12,117,0.1025641026,6,61,0.09836065574,5,75,0.06666666667,8,199,0.04020100503,1,37,0.02702702703,3,62,0.04838709677,6,67,0.08955223881,26,286,0.09090909091,2,16,0.125,15,422,0.0355450237,0,31,0,2,82,0.0243902439,7,614,0.01140065147,0,13,0,8,268,0.02985074627,4,91,0.04395604396,,59,,529,841,0.6290130797,429,2234,0.1858752166,8,119,0.06722689076,3,86,0.03488372093,0,65,0,8,120,0.06666666667,3,73,0.04109589041,12,,,3,44,0.06818181818,2,,,1,123,0.008130081301,2,133,0.01503759398,31,555,0.05585585586,14,164,0.08536585366,3,11,0.2727272727,4,76,0.05263157895,2,26,0.07692307692,26,597,,12,259,0.04633204633
2021-12-01,297,1129,0.263064659,5,93,0.05376344086,19,1041,0.01825168108,23,231,0.09956709957,71,1096,0.0647810219,10,,,19,302,0.06291390728,17,497,0.03420523139,9,300,0.03,21,1146,0.01832460733,19,343,0.05539358601,10,360,0.02777777778,14,338,0.04142011834,6,116,0.05172413793,,112,,47,449,,1,85,0.01176470588,5,54,0.09259259259,,10,,,52,,5,196,0.02551020408,1,38,0.02631578947,5,143,0.03496503497,4,117,0.03418803419,7,99,0.07070707071,2,97,0.0206185567,1,47,0.02127659574,6,411,0.01459854015,0,8,0,6,98,0.0612244898,4,83,0.04819277108,18,583,0.03087478559,5,102,0.04901960784,1,47,0.02127659574,15,135,0.1111111111,4,57,0.0701754386,4,85,0.04705882353,18,178,0.1011235955,2,42,0.04761904762,1,61,0.01639344262,5,83,0.06024096386,26,298,0.08724832215,1,11,0.09090909091,25,447,0.05592841163,1,28,0.03571428571,0,68,0,6,622,0.009646302251,1,11,0.09090909091,9,273,0.03296703297,1,81,0.01234567901,,63,,481,799,0.6020025031,390,2308,0.1860687023,10,157,0.06369426752,5,88,0.05681818182,0,64,0,10,127,0.07874015748,2,64,0.03125,5,,,4,47,0.08510638298,3,,,2,115,0.01739130435,4,155,0.02580645161,65,621,0.1046698873,13,168,0.07738095238,2,23,0.08695652174,6,66,0.09090909091,3,27,0.1111111111,27,633,,19,252,0.0753968254
2022-01-01,327,1161,0.2816537468,8,94,0.08510638298,39,1027,0.03797468354,26,256,0.1015625,85,1107,0.07678410117,5,,,19,374,0.05080213904,17,518,0.03281853282,4,300,0.01333333333,31,1172,0.02645051195,16,395,0.04050632911,12,331,0.03625377644,13,275,0.04727272727,5,121,0.04132231405,,99,,41,577,,3,59,0.05084745763,4,65,0.06153846154,,9,,,66,,5,239,0.02092050209,0,44,0,11,105,0.1047619048,6,141,0.04255319149,2,100,0.02,2,87,0.02298850575,0,55,0,7,366,0.01912568306,0,11,0,3,89,0.03370786517,1,77,0.01298701299,20,541,0.03696857671,2,107,0.01869158879,4,55,0.07272727273,18,125,0.144,4,76,0.05263157895,2,54,0.03703703704,11,203,0.05418719212,0,32,0,1,91,0.01098901099,17,118,0.1440677966,21,316,0.0664556962,1,12,0.08333333333,14,431,0.03248259861,0,38,0,2,72,0.02777777778,10,675,0.01481481481,3,17,0.1764705882,11,252,0.04365079365,6,104,0.05769230769,3,52,0.05769230769,420,830,0.5060240964,340,2096,0.1784776903,13,149,0.08724832215,4,91,0.04395604396,3,97,0.03092783505,8,105,0.07619047619,5,54,0.09259259259,10,,,4,43,0.09302325581,5,,,3,132,0.02272727273,2,170,0.01176470588,35,564,0.06205673759,8,148,0.05405405405,2,26,0.07692307692,2,43,0.04651162791,2,30,0.06666666667,34,719,,25,284,0.08802816901
2022-02-01,361,1221,0.2956592957,6,104,0.05769230769,29,803,0.03611457036,16,218,0.07339449541,61,963,0.06334371755,10,,,22,311,0.07073954984,23,474,0.04852320675,8,286,0.02797202797,31,885,0.03502824859,7,314,0.02229299363,10,273,0.03663003663,29,305,0.09508196721,8,115,0.06956521739,2,82,0.0243902439,47,596,,3,46,0.0652173913,6,55,0.1090909091,,6,,,67,,5,170,0.02941176471,0,25,0,5,103,0.04854368932,5,100,0.05,1,101,0.009900990099,1,82,0.01219512195,2,42,0.04761904762,12,403,0.02977667494,0,13,0,4,69,0.05797101449,0,67,0,11,435,0.02528735632,5,88,0.05681818182,2,42,0.04761904762,9,110,0.08181818182,9,64,0.140625,4,57,0.0701754386,5,180,0.02777777778,2,26,0.07692307692,4,79,0.05063291139,7,89,0.07865168539,17,232,0.07327586207,1,13,0.07692307692,22,415,0.05301204819,3,36,0.08333333333,3,62,0.04838709677,9,526,0.01711026616,1,7,0.1428571429,8,249,0.03212851406,2,88,0.02272727273,7,63,0.1111111111,362,648,0.5586419753,320,1905,0.1504466385,13,138,0.09420289855,11,81,0.1358024691,0,71,0,6,96,0.0625,5,67,0.07462686567,13,,,5,42,0.119047619,5,,,3,158,0.01898734177,5,159,0.03144654088,31,531,0.05838041431,19,156,0.1217948718,4,17,0.2352941176,4,61,0.06557377049,0,21,0,41,592,,17,215,0.07906976744
2022-03-01,427,1301,0.3282090699,5,133,0.03759398496,32,1040,0.03076923077,12,223,0.05381165919,65,1073,0.0605778192,6,,,20,359,0.05571030641,17,503,0.0337972167,15,287,0.05226480836,29,1127,0.02573203194,6,370,0.01621621622,13,326,0.03987730061,22,263,0.08365019011,6,127,0.04724409449,1,93,0.01075268817,81,585,,2,76,0.02631578947,3,41,0.07317073171,,9,,,49,,9,176,0.05113636364,2,45,0.04444444444,11,82,0.1341463415,9,108,0.08333333333,3,78,0.03846153846,4,99,0.0404040404,0,46,0,11,329,0.03343465046,0,12,0,9,90,0.1,2,83,0.02409638554,14,565,0.02477876106,2,104,0.01923076923,0,46,0,9,114,0.07894736842,2,67,0.02985074627,2,64,0.03125,14,209,0.06698564593,0,26,0,1,55,0.01818181818,8,94,0.08510638298,29,254,0.1141732283,0,29,0,12,485,0.02474226804,2,30,0.06666666667,2,46,0.04347826087,11,550,0.02,2,13,0.1538461538,6,258,0.02325581395,4,113,0.03539823009,9,49,0.1836734694,411,691,0.5947901592,395,2127,0.1784101174,5,131,0.03816793893,5,100,0.05,1,96,0.01041666667,11,113,0.09734513274,6,59,0.1016949153,9,,,4,40,0.1,5,,,3,141,0.02127659574,4,115,0.0347826087,35,465,0.0752688172,18,176,0.1022727273,1,16,0.0625,2,55,0.03636363636,0,20,0,31,618,,15,229,0.06550218341
2022-04-01,345,1118,0.3085867621,4,137,0.02919708029,32,892,0.03587443946,14,201,0.06965174129,65,1001,0.06493506494,5,,,11,309,0.0355987055,23,514,0.04474708171,4,298,0.01342281879,36,1051,0.03425309229,18,304,0.05921052632,10,304,0.03289473684,20,258,0.07751937984,5,119,0.04201680672,1,87,0.01149425287,69,522,,1,70,0.01428571429,2,31,0.06451612903,,8,,,52,,8,179,0.04469273743,1,42,0.02380952381,5,107,0.04672897196,6,111,0.05405405405,3,84,0.03571428571,0,88,0,2,44,0.04545454545,13,317,0.04100946372,2,12,0.1666666667,6,81,0.07407407407,3,88,0.03409090909,21,537,0.03910614525,4,129,0.03100775194,2,44,0.04545454545,9,99,0.09090909091,4,64,0.0625,5,62,0.08064516129,4,188,0.02127659574,5,26,0.1923076923,1,76,0.01315789474,6,86,0.06976744186,14,265,0.05283018868,1,11,0.09090909091,16,469,0.03411513859,1,15,0.06666666667,2,60,0.03333333333,13,522,0.02490421456,0,19,0,11,266,0.04135338346,4,99,0.0404040404,2,60,0.03333333333,393,650,0.6046153846,441,2214,0.1980242479,10,151,0.06622516556,12,83,0.1445783133,0,81,0,6,98,0.0612244898,5,49,0.1020408163,9,,,3,29,0.1034482759,3,,,1,121,0.00826446281,1,90,0.01111111111,57,387,0.1472868217,36,195,0.1846153846,2,30,0.06666666667,5,59,0.08474576271,1,15,0.06666666667,51,647,,9,209,0.04306220096
2022-05-01,356,1215,0.2930041152,9,142,0.06338028169,31,849,0.03651354535,13,224,0.05803571429,45,1030,0.04368932039,7,,,16,352,0.04545454545,50,513,0.09746588694,6,311,0.0192926045,25,1192,0.02097315436,10,334,0.02994011976,9,308,0.02922077922,20,293,0.06825938567,9,117,0.07692307692,2,112,0.01785714286,79,458,,2,75,0.02666666667,3,39,0.07692307692,,9,,,74,,8,220,0.03636363636,1,42,0.02380952381,7,88,0.07954545455,6,118,0.05084745763,3,75,0.04,1,104,0.009615384615,0,52,0,9,294,0.0306122449,0,23,0,2,74,0.02702702703,4,86,0.04651162791,9,532,0.01691729323,3,144,0.02083333333,0,52,0,14,162,0.08641975309,4,69,0.05797101449,5,70,0.07142857143,6,204,0.02941176471,1,23,0.04347826087,4,76,0.05263157895,8,90,0.08888888889,11,258,0.04263565891,1,14,0.07142857143,16,387,0.04134366925,3,38,0.07894736842,7,71,0.0985915493,6,561,0.01069518717,0,10,0,9,211,0.04265402844,4,98,0.04081632653,10,54,0.1851851852,433,715,0.6055944056,471,2227,0.2337468983,9,132,0.06818181818,16,97,0.1649484536,0,53,0,13,121,0.1074380165,7,50,0.14,11,,,9,58,0.1551724138,3,,,3,131,0.02290076336,5,127,0.03937007874,98,491,0.199592668,19,173,0.1098265896,2,23,0.08695652174,1,68,0.01470588235,1,20,0.05,36,697,,23,262,0.08778625954
2022-06-01,344,1110,0.3099099099,10,128,0.078125,43,829,0.05186972256,46,305,0.1508196721,127,1138,0.111599297,3,,,32,352,0.09090909091,48,533,0.09005628518,10,280,0.03571428571,29,1077,0.0269266481,12,357,0.03361344538,5,322,0.01552795031,34,324,0.1049382716,11,106,0.1037735849,3,114,0.02631578947,109,522,,5,76,0.06578947368,21,91,0.2307692308,,10,,,86,,14,234,0.05982905983,1,48,0.02083333333,6,99,0.06060606061,9,134,0.0671641791,4,80,0.05,2,95,0.02105263158,1,67,0.01492537313,12,321,0.03738317757,4,15,0.2666666667,1,100,0.01,2,91,0.02197802198,14,463,0.03023758099,2,118,0.01694915254,1,67,0.01492537313,35,173,0.2023121387,4,67,0.05970149254,4,58,0.06896551724,9,163,0.05521472393,1,27,0.03703703704,7,91,0.07692307692,3,73,0.04109589041,23,315,0.07301587302,0,16,0,21,420,0.05,0,34,0,3,62,0.04838709677,8,515,0.01553398058,0,13,0,5,153,0.03267973856,5,100,0.05,9,76,0.1184210526,496,779,0.6367137356,396,2015,0.1871455577,11,137,0.0802919708,7,99,0.07070707071,0,50,0,15,110,0.1363636364,8,63,0.126984127,18,,,7,40,0.175,5,,,1,139,0.007194244604,6,169,0.03550295858,249,718,0.3467966574,23,144,0.1597222222,3,25,0.12,4,52,0.07692307692,2,18,0.1111111111,52,828,,25,245,0.1020408163
2022-07-01,464,1198,0.387312187,17,125,0.136,84,862,0.09744779582,68,339,0.2005899705,443,1761,0.2515616127,11,,,76,419,0.1813842482,61,559,0.1091234347,18,310,0.05806451613,72,1230,0.05853658537,23,358,0.06424581006,10,322,0.03105590062,76,338,0.224852071,7,94,0.07446808511,3,99,0.0303030303,157,559,,9,110,0.08181818182,21,124,0.1693548387,,21,,,72,,7,202,0.03465346535,1,51,0.01960784314,10,85,0.1176470588,14,135,0.1037037037,11,82,0.1341463415,0,103,0,0,48,0,13,307,0.04234527687,0,16,0,6,99,0.06060606061,1,92,0.01086956522,18,478,0.03765690377,6,122,0.04918032787,0,48,0,167,324,0.5154320988,5,71,0.07042253521,13,71,0.1830985915,2,163,0.01226993865,3,30,0.1,6,99,0.06060606061,3,67,0.0447761194,25,311,0.08038585209,0,20,0,35,494,0.07085020243,3,32,0.09375,6,58,0.1034482759,20,615,0.0325203252,0,10,0,4,174,0.02298850575,10,87,0.1149425287,33,94,0.3510638298,470,787,0.5972045743,488,2116,0.2246777164,7,112,0.0625,13,99,0.1313131313,2,67,0.02985074627,33,107,0.308411215,8,66,0.1212121212,52,,,10,53,0.1886792453,9,,,2,178,0.01123595506,16,153,0.1045751634,246,722,0.3407202216,23,133,0.1729323308,10,33,0.303030303,6,47,0.1276595745,2,32,0.0625,80,901,,16,203,0.07881773399
2022-08-01,386,1176,0.3282312925,25,119,0.2100840336,183,939,0.1948881789,57,249,0.2289156627,660,2112,0.3125,17,,,60,369,0.162601626,51,494,0.1032388664,11,284,0.03873239437,48,1167,0.0411311054,14,382,0.03664921466,9,261,0.03448275862,90,337,0.2670623145,4,113,0.03539823009,1,118,0.008474576271,96,485,,4,81,0.04938271605,12,99,0.1212121212,,8,,,77,,3,207,0.01449275362,1,42,0.02380952381,5,134,0.03731343284,50,150,0.3333333333,8,70,0.1142857143,1,77,0.01298701299,1,36,0.02777777778,14,335,0.04179104478,0,7,0,4,91,0.04395604396,4,94,0.04255319149,12,502,0.02390438247,7,139,0.05035971223,1,36,0.02777777778,155,281,0.5516014235,7,76,0.09210526316,14,85,0.1647058824,11,168,0.06547619048,3,24,0.125,1,93,0.01075268817,5,98,0.05102040816,32,315,0.1015873016,0,23,0,40,475,0.08421052632,2,30,0.06666666667,2,55,0.03636363636,28,636,0.04402515723,0,11,0,16,200,0.08,9,130,0.06923076923,13,64,0.203125,388,702,0.5527065527,491,2172,0.2390457644,5,104,0.04807692308,10,104,0.09615384615,0,70,0,26,111,0.2342342342,7,90,0.07777777778,54,,,5,50,0.1,7,,,1,204,0.004901960784,5,116,0.04310344828,205,675,0.3037037037,31,158,0.1962025316,16,33,0.4848484848,17,86,0.1976744186,0,23,0,92,803,,38,312,0.1217948718
2022-09-01,427,1229,0.3474369406,8,137,0.05839416058,124,861,0.144018583,60,246,0.243902439,882,2411,0.3658233098,5,,,57,361,0.1578947368,93,561,0.1657754011,29,303,0.09570957096,54,1108,0.04873646209,17,295,0.05762711864,14,351,0.03988603989,31,333,0.09309309309,11,123,0.08943089431,1,88,0.01136363636,234,765,,1,98,0.01020408163,3,43,0.06976744186,,23,,,70,,11,200,0.055,2,32,0.0625,10,99,0.101010101,46,159,0.2893081761,16,94,0.170212766,3,106,0.02830188679,1,50,0.02,29,386,0.07512953368,2,15,0.1333333333,5,87,0.05747126437,2,92,0.02173913043,14,540,0.02592592593,1,106,0.009433962264,1,50,0.02,100,229,0.4366812227,5,97,0.05154639175,15,78,0.1923076923,10,186,0.05376344086,4,36,0.1111111111,6,74,0.08108108108,8,73,0.1095890411,25,330,0.07575757576,1,10,0.1,53,470,0.1127659574,2,23,0.08695652174,1,73,0.01369863014,40,683,0.05856515373,0,13,0,23,201,0.1144278607,3,122,0.02459016393,15,63,0.2380952381,286,546,0.5238095238,428,2054,0.2084754019,10,69,0.1449275362,26,126,0.2063492063,0,57,0,13,101,0.1287128713,9,79,0.1139240506,46,,,6,49,0.1224489796,2,,,4,175,0.02285714286,5,118,0.04237288136,301,714,0.4215686275,20,131,0.1526717557,9,26,0.3461538462,10,54,0.1851851852,0,19,0,81,722,,31,259,0.1196911197
2022-10-01,401,1243,0.3226065969,10,120,0.08333333333,172,931,0.1847475832,133,314,0.423566879,1431,3182,0.449717159,9,,,149,459,0.3246187364,76,628,0.1210191083,71,285,0.249122807,57,1160,0.04913793103,30,397,0.07556675063,25,410,0.06097560976,64,381,0.1679790026,7,116,0.06034482759,4,87,0.04597701149,316,712,,1,67,0.01492537313,3,51,0.05882352941,,21,,,66,,21,256,0.08203125,2,56,0.03571428571,3,111,0.02702702703,84,169,0.4970414201,17,102,0.1666666667,1,94,0.01063829787,1,63,0.01587301587,18,377,0.04774535809,0,8,0,4,65,0.06153846154,2,100,0.02,35,584,0.05993150685,8,114,0.0701754386,1,63,0.01587301587,62,205,0.3024390244,5,75,0.06666666667,23,86,0.2674418605,9,174,0.05172413793,4,47,0.08510638298,14,97,0.1443298969,23,136,0.1691176471,52,335,0.1552238806,1,22,0.04545454545,27,425,0.06352941176,3,38,0.07894736842,5,94,0.05319148936,46,576,0.07986111111,2,12,0.1666666667,31,214,0.1448598131,3,111,0.02702702703,24,71,0.338028169,372,624,0.5961538462,420,2053,0.2237613213,16,83,0.1927710843,18,92,0.1956521739,2,49,0.04081632653,20,99,0.202020202,6,73,0.08219178082,93,,,7,42,0.1666666667,1,,,8,201,0.03980099502,9,96,0.09375,462,862,0.535962877,30,192,0.15625,5,20,0.25,6,68,0.08823529412,4,20,0.2,150,795,,100,399,0.2506265664
2022-11-01,339,1075,0.3153488372,13,128,0.1015625,245,966,0.2536231884,146,366,0.3989071038,1418,2952,0.4803523035,7,,,122,401,0.3042394015,55,510,0.1078431373,24,268,0.08955223881,61,1075,0.05674418605,30,370,0.08108108108,18,318,0.05660377358,124,261,0.4750957854,6,85,0.07058823529,3,94,0.03191489362,279,570,,3,69,0.04347826087,4,40,0.1,,16,,,109,,13,233,0.05579399142,0,34,0,9,84,0.1071428571,40,145,0.275862069,10,120,0.08333333333,6,94,0.06382978723,4,58,0.06896551724,33,362,0.09116022099,0,10,0,7,86,0.08139534884,2,99,0.0202020202,25,552,0.04528985507,11,114,0.09649122807,4,58,0.06896551724,103,208,0.4951923077,21,107,0.1962616822,12,86,0.1395348837,11,170,0.06470588235,7,43,0.1627906977,2,57,0.0350877193,24,103,0.2330097087,77,365,0.2109589041,1,23,0.04347826087,33,420,0.07857142857,2,35,0.05714285714,4,87,0.04597701149,40,476,0.08403361345,4,14,0.2857142857,17,194,0.08762886598,2,94,0.02127659574,32,112,0.2857142857,303,533,0.5684803002,386,1877,0.2068595927,26,85,0.3058823529,16,113,0.1415929204,2,65,0.03076923077,35,124,0.2822580645,15,71,0.2112676056,61,,,4,45,0.08888888889,6,,,17,145,0.1172413793,6,126,0.04761904762,447,780,0.5730769231,35,159,0.2201257862,12,32,0.375,4,52,0.07692307692,5,12,0.4166666667,94,746,,91,368,0.2472826087
2022-12-01,391,1070,0.3654205607,11,129,0.08527131783,301,895,0.3363128492,156,370,0.4216216216,1178,2720,0.4330882353,16,,,172,464,0.3706896552,49,543,0.09023941068,40,291,0.1374570447,109,1177,0.09260832625,22,436,0.0504587156,53,327,0.1620795107,132,338,0.3905325444,5,99,0.05050505051,7,83,0.0843373494,396,630,,3,79,0.03797468354,5,33,0.1515151515,,10,,,68,,11,191,0.05759162304,4,53,0.07547169811,11,78,0.141025641,136,243,0.5596707819,22,113,0.1946902655,2,81,0.02469135802,2,57,0.0350877193,60,376,0.1595744681,0,10,0,4,104,0.03846153846,7,113,0.06194690265,29,500,0.058,6,129,0.04651162791,2,57,0.0350877193,120,279,0.4301075269,30,119,0.2521008403,33,96,0.34375,8,124,0.06451612903,8,37,0.2162162162,1,27,0.03703703704,40,146,0.2739726027,133,438,0.303652968,1,34,0.02941176471,68,505,0.1346534653,3,32,0.09375,7,100,0.07,90,592,0.152027027,1,19,0.05263157895,18,197,0.09137055838,4,113,0.03539823009,22,82,0.2682926829,287,538,0.5334572491,408,1866,0.2102009274,28,89,0.3146067416,10,100,0.1,2,55,0.03636363636,41,131,0.3129770992,14,86,0.1627906977,98,,,2,41,0.0487804878,5,,,5,141,0.03546099291,10,125,0.08,324,714,0.4537815126,34,151,0.2251655629,3,23,0.1304347826,2,54,0.03703703704,1,20,0.05,123,857,,208,538,0.3866171004
2023-01-01,424,1170,0.3623931624,6,150,0.04,367,983,0.3733468973,134,301,0.4451827243,1229,2814,0.4367448472,12,,,260,570,0.4561403509,59,550,0.1072727273,49,325,0.1507692308,81,1207,0.06710853355,18,383,0.04699738903,43,287,0.149825784,91,326,0.2791411043,3,93,0.03225806452,13,112,0.1160714286,486,,,4,77,0.05194805195,6,40,0.15,,15,,,68,,9,179,0.05027932961,3,43,0.06976744186,13,95,0.1368421053,237,362,0.6546961326,25,120,0.2083333333,4,98,0.04081632653,0,71,0,62,350,0.1771428571,3,18,0.1666666667,3,94,0.03191489362,13,117,0.1111111111,51,545,0.09357798165,28,150,0.1866666667,0,71,0,106,240,0.4416666667,48,119,0.4033613445,30,98,0.306122449,15,144,0.1041666667,13,33,0.3939393939,3,45,0.06666666667,45,154,0.2922077922,272,558,0.4874551971,5,19,0.2631578947,88,446,0.197309417,0,25,0,6,74,0.08108108108,93,594,0.1565656566,8,42,0.1904761905,50,224,0.2232142857,11,129,0.08527131783,32,82,0.3902439024,325,593,0.5480607083,419,1941,0.236056338,42,95,0.4421052632,16,101,0.1584158416,4,62,0.06451612903,230,322,0.7142857143,27,87,0.3103448276,42,,,13,38,0.3421052632,11,,,5,150,0.03333333333,6,109,0.05504587156,419,821,0.5103532278,35,157,0.2229299363,10,32,0.3125,9,54,0.1666666667,0,33,0,136,,,369,703,0.5248933144
2023-02-01,298,940,0.3170212766,17,121,0.1404958678,280,802,0.349127182,160,331,0.4833836858,877,2169,0.4043337944,15,,,297,588,0.5051020408,78,483,0.1614906832,56,232,0.2413793103,116,1037,0.1118611379,16,333,0.04804804805,39,249,0.156626506,101,299,0.3377926421,4,71,0.05633802817,4,47,0.08510638298,436,,,5,59,0.08474576271,11,40,0.275,,10,,,84,,6,136,0.04411764706,3,25,0.12,5,81,0.06172839506,146,261,0.5593869732,17,103,0.1650485437,5,94,0.05319148936,1,52,0.01923076923,96,382,0.2513089005,5,16,0.3125,8,70,0.1142857143,17,99,0.1717171717,66,420,0.1571428571,20,130,0.1538461538,1,52,0.01923076923,263,395,0.6658227848,61,115,0.5304347826,35,110,0.3181818182,5,124,0.04032258065,4,19,0.2105263158,1,33,0.0303030303,73,152,0.4802631579,304,581,0.5232358003,3,19,0.1578947368,142,499,0.2845691383,9,31,0.2903225806,5,60,0.08333333333,148,673,0.219910847,2,9,0.2222222222,33,166,0.1987951807,10,126,0.07936507937,26,82,0.3170731707,203,430,0.4720930233,465,1775,0.2331995988,37,89,0.4157303371,8,78,0.1025641026,3,53,0.05660377358,256,313,0.8178913738,31,84,0.369047619,39,,,7,29,0.2413793103,6,,,3,113,0.02654867257,5,69,0.07246376812,560,921,0.6080347448,45,178,0.2528089888,2,16,0.125,28,79,0.3544303797,2,19,0.1052631579,124,,,370,726,0.5096418733
2023-03-01,209,917,0.227917121,15,168,0.08928571429,227,747,0.3038821954,206,391,0.5268542199,867,2320,0.3737068966,17,,,227,493,0.4604462475,91,501,0.1816367265,85,285,0.298245614,173,1258,0.1375198728,21,350,0.06,39,298,0.1308724832,118,370,0.3189189189,4,64,0.0625,10,78,0.1282051282,584,,,6,86,0.06976744186,8,37,0.2162162162,,14,,,58,,7,169,0.04142011834,4,52,0.07692307692,5,78,0.0641025641,155,285,0.5438596491,35,118,0.2966101695,1,105,0.009523809524,5,61,0.08196721311,111,402,0.276119403,0,19,0,12,95,0.1263157895,8,109,0.07339449541,45,447,0.1006711409,25,147,0.1700680272,5,61,0.08196721311,192,321,0.5981308411,71,130,0.5461538462,39,101,0.3861386139,12,175,0.06857142857,5,27,0.1851851852,2,30,0.06666666667,43,121,0.3553719008,271,522,0.5191570881,2,11,0.1818181818,170,579,0.2936096718,8,30,0.2666666667,4,65,0.06153846154,134,622,0.2154340836,5,15,0.3333333333,40,190,0.2105263158,13,119,0.1092436975,17,72,0.2361111111,206,411,0.501216545,489,1994,0.2730318258,29,90,0.3222222222,20,99,0.202020202,2,60,0.03333333333,151,226,0.6681415929,68,121,0.5619834711,51,,,4,30,0.1333333333,11,,,4,129,0.03100775194,8,101,0.07920792079,651,1017,0.6401179941,46,152,0.3026315789,7,21,0.3333333333,14,53,0.2641509434,3,17,0.1764705882,187,,,289,650,0.4446153846
2023-04-01,194,838,0.23150358,14,157,0.08917197452,166,675,0.2459259259,212,384,0.5520833333,810,2289,0.3538663172,9,,,267,552,0.4836956522,92,508,0.1811023622,57,291,0.1958762887,303,1561,0.1941063421,67,384,0.1744791667,43,300,0.1433333333,130,381,0.3412073491,9,90,0.1,23,79,0.2911392405,498,,,8,92,0.08695652174,10,51,0.1960784314,,24,,,61,,4,169,0.02366863905,9,50,0.18,16,68,0.2352941176,142,286,0.4965034965,18,102,0.1764705882,4,88,0.04545454545,0,38,0,135,447,0.3020134228,2,12,0.1666666667,3,81,0.03703703704,12,91,0.1318681319,59,446,0.1322869955,62,167,0.371257485,0,38,0,168,275,0.6109090909,28,93,0.3010752688,51,116,0.4396551724,21,164,0.1280487805,12,31,0.3870967742,2,42,0.04761904762,69,164,0.4207317073,288,526,0.5475285171,0,15,0,177,532,0.3327067669,1,23,0.04347826087,13,68,0.1911764706,103,607,0.1696869852,3,19,0.1578947368,29,128,0.2265625,16,145,0.1103448276,25,80,0.3125,260,460,0.5652173913,474,1791,0.2507936508,16,75,0.2133333333,31,99,0.3131313131,2,59,0.03389830508,258,344,0.75,76,142,0.5352112676,43,,,7,31,0.2258064516,12,,,3,96,0.03125,16,96,0.1666666667,586,907,0.6460859978,41,147,0.2789115646,7,20,0.35,21,64,0.328125,5,12,0.4166666667,233,,,309,683,0.4524158126
2023-05-01,285,964,0.2956431535,17,183,0.09289617486,148,647,0.228748068,308,482,0.6390041494,810,2427,0.3337453646,12,,,236,541,0.4362292052,129,533,0.2420262664,78,317,0.2460567823,486,1902,0.2555205047,70,471,0.1486199575,39,274,0.1423357664,192,452,0.4247787611,3,73,0.04109589041,33,107,0.308411215,416,,,27,80,0.3375,7,40,0.175,,19,,,66,,8,206,0.03883495146,14,64,0.21875,26,70,0.3714285714,242,493,0.490872211,27,98,0.2755102041,2,62,0.03225806452,1,38,0.02631578947,132,479,0.2755741127,6,19,0.3157894737,16,95,0.1684210526,36,170,0.2117647059,80,509,0.1571709234,47,176,0.2670454545,1,38,0.02631578947,290,472,0.6144067797,44,118,0.3728813559,85,167,0.5089820359,35,188,0.1861702128,3,36,0.08333333333,1,35,0.02857142857,117,194,0.6030927835,380,671,0.566318927,0,17,0,255,617,0.4132901135,3,15,0.2,2,59,0.03389830508,93,589,0.1578947368,19,32,0.59375,52,164,0.3170731707,23,160,0.14375,23,97,0.2371134021,277,531,0.5216572505,496,1890,0.2624338624,42,103,0.4077669903,20,88,0.2272727273,3,53,0.05660377358,270,346,0.7803468208,130,202,0.6435643564,61,,,6,34,0.1764705882,6,,,10,155,0.06451612903,5,93,0.05376344086,451,804,0.5609452736,39,161,0.2422360248,7,17,0.4117647059,33,69,0.4782608696,9,23,0.3913043478,272,,,277,644,0.4301242236
2023-06-01,308,1116,0.2759856631,44,192,0.2291666667,171,607,0.2817133443,293,502,0.5836653386,816,2552,0.3197492163,14,,,241,517,0.4661508704,110,537,0.2048417132,68,327,0.2079510703,289,1605,0.1800623053,83,468,0.1773504274,68,362,0.1878453039,197,472,0.4173728814,9,86,0.1046511628,39,110,0.3545454545,458,,,21,80,0.2625,4,62,0.06451612903,,26,,,82,,6,219,0.02739726027,15,56,0.2678571429,17,95,0.1789473684,304,629,0.4833068362,24,106,0.2264150943,3,94,0.03191489362,2,54,0.03703703704,128,416,0.3076923077,4,18,0.2222222222,21,127,0.1653543307,11,73,0.1506849315,92,515,0.1786407767,41,179,0.2290502793,2,54,0.03703703704,253,393,0.6437659033,43,113,0.3805309735,51,156,0.3269230769,36,152,0.2368421053,12,46,0.2608695652,2,31,0.06451612903,72,178,0.404494382,368,684,0.5380116959,1,36,0.02777777778,267,653,0.4088820827,9,28,0.3214285714,1,56,0.01785714286,185,684,0.2704678363,18,39,0.4615384615,14,114,0.1228070175,29,158,0.1835443038,19,80,0.2375,299,535,0.5588785047,538,1890,0.2502325581,69,136,0.5073529412,1,69,0.01449275362,6,55,0.1090909091,299,377,0.7931034483,138,219,0.6301369863,33,,,9,48,0.1875,16,,,25,173,0.1445086705,6,83,0.07228915663,230,560,0.4107142857,36,149,0.2416107383,4,15,0.2666666667,15,45,0.3333333333,5,17,0.2941176471,369,,,244,667,0.3658170915
2023-07-01,233,1005,0.231840796,33,144,0.2291666667,156,605,0.2578512397,278,525,0.5295238095,802,2609,0.3073974703,26,,,335,627,0.5342902711,84,609,0.1379310345,116,377,0.3076923077,353,1874,0.1883671291,123,538,0.2286245353,90,334,0.2694610778,293,632,0.4636075949,18,91,0.1978021978,48,133,0.3609022556,530,,,30,107,0.2803738318,9,80,0.1125,,25,,,97,,9,201,0.0447761194,36,82,0.4390243902,29,86,0.3372093023,177,407,0.4348894349,24,92,0.2608695652,5,90,0.05555555556,4,55,0.07272727273,179,521,0.3435700576,6,25,0.24,19,109,0.1743119266,14,116,0.1206896552,78,479,0.1628392484,75,217,0.3456221198,4,55,0.07272727273,,,,69,128,0.5390625,85,181,0.4696132597,58,180,0.3222222222,18,44,0.4090909091,1,43,0.02325581395,133,230,0.5782608696,314,671,0.4679582712,1,27,0.03703703704,243,574,0.4233449477,8,26,0.3076923077,11,78,0.141025641,266,732,0.3633879781,45,58,0.775862069,52,147,0.3537414966,23,159,0.1446540881,25,88,0.2840909091,228,530,0.4301886792,719,2150,0.3339526242,44,99,0.4444444444,1,66,0.01515151515,4,75,0.05333333333,235,309,0.7605177994,132,227,0.5814977974,57,,,11,57,0.1929824561,22,,,23,176,0.1306818182,12,98,0.1224489796,332,700,0.4742857143,36,131,0.2748091603,6,19,0.3157894737,47,102,0.4607843137,8,21,0.380952381,428,,,377,962,0.3918918919
2023-08-01,,,,24,187,0.128342246,,,,265,531,0.4990583804,680,2268,0.2998236332,17,,,311,,,103,742,0.1388140162,144,341,0.42228739,278,1691,0.1643997635,134,629,0.213036566,86,342,0.2514619883,120,408,0.2941176471,23,98,0.2346938776,43,124,0.3467741935,458,,,19,89,0.2134831461,10,66,0.1515151515,,24,,,76,,8,183,0.04371584699,9,56,0.1607142857,25,106,0.2358490566,173,342,0.5058479532,17,97,0.175257732,24,116,0.2068965517,5,53,0.09433962264,127,412,0.3082524272,4,16,0.25,10,77,0.1298701299,8,94,0.08510638298,56,442,0.1266968326,46,195,0.2358974359,5,53,0.09433962264,,,,85,175,0.4857142857,90,155,0.5806451613,46,189,0.2433862434,8,31,0.2580645161,1,22,0.04545454545,53,161,0.3291925466,300,613,0.4893964111,2,17,0.1176470588,333,671,0.4962742176,6,24,0.25,2,63,0.03174603175,118,490,0.2408163265,6,21,0.2857142857,85,190,0.4473684211,22,124,0.1774193548,,75,,242,523,0.4627151052,713,2153,0.3311658151,63,126,0.5,1,73,0.01369863014,2,58,0.03448275862,152,235,0.6468085106,113,199,0.567839196,36,,,12,59,0.2033898305,24,,,99,256,0.38671875,9,103,0.08737864078,396,773,0.5122897801,20,107,0.1869158879,9,25,0.36,83,126,0.6587301587,,,,363,,,286,784,0.3647959184
